<?xml version="1.0"?>
<!DOCTYPE hibernate-mapping PUBLIC "-//Hibernate/Hibernate Mapping DTD 3.0//EN" "http://hibernate.sourceforge.net/hibernate-mapping-3.0.dtd">
<hibernate-mapping package="org.infinite.main">
	<class name="Cart" table="products">
		<id name="id" type="int">
			<column name="id" />
			<generator class="native" />
		</id>
		<property name="product" column="product" type="string" />
		<property name="price" column="price" type="int"></property>
		<property name="quantity" column="quantity" type="int"></property>
	</class>
</hibernate-mapping>
